#HOLE:,U1519A
#EXPEDITION:,372
#TOP:,26.7013
#BOTTOM:,644.3784
DEPTH_LSF,RHON
m,g/cm3
26.7013,1.958767
26.8537,1.961422
27.0061,-999.25
27.1585,-999.25
27.3109,-999.25
27.4633,-999.25
27.6157,-999.25
27.7681,-999.25
27.9205,-999.25
28.0729,-999.25
28.2253,-999.25
28.3777,-999.25
28.5301,-999.25
28.6825,-999.25
28.8349,-999.25
28.9873,-999.25
29.1397,-999.25
29.2921,-999.25
29.4445,-999.25
29.5969,-999.25
29.7493,-999.25
29.9017,-999.25
30.0541,-999.25
30.2065,-999.25
30.3589,-999.25
30.5113,-999.25
30.6637,-999.25
30.8161,-999.25
30.9685,-999.25
31.1209,-999.25
31.2733,-999.25
31.4257,-999.25
31.5781,-999.25
31.7305,-999.25
31.8829,-999.25
32.0353,-999.25
32.1877,-999.25
32.3401,-999.25
32.4925,-999.25
32.6449,-999.25
32.7973,-999.25
32.9497,-999.25
33.1021,-999.25
33.2545,1.936311
33.4069,1.942977
33.5593,1.922873
33.7117,1.927006
33.8641,1.932098
34.0165,1.922085
34.1689,1.92427
34.3213,1.938844
34.4737,1.939512
34.6261,1.943951
34.7785,1.938684
34.9309,1.935356
35.0833,1.921436
35.2357,1.920274
35.3881,1.927261
35.5405,1.922441
35.6929,1.933218
35.8453,1.923961
35.9977,1.921146
36.1501,1.933529
36.3025,1.931204
36.4549,1.9211
36.6073,1.923003
36.7597,1.908464
36.9121,1.902845
37.0645,1.903912
37.2169,1.905175
37.3693,1.877925
37.5217,1.846763
37.6741,1.817178
37.8265,1.781866
37.9789,1.759776
38.1313,1.742132
38.2837,1.743744
38.4361,1.773709
38.5885,1.779156
38.7409,1.761214
38.8933,1.69421
39.0457,1.609923
39.1981,1.535687
39.3505,1.498353
39.5029,1.492735
39.6553,1.544812
39.8077,1.609975
39.9601,1.673256
40.1125,1.711107
40.2649,1.718376
40.4173,1.695667
40.5697,1.67859
40.7221,1.659302
40.8745,1.643269
41.0269,1.65054
41.1793,1.681501
41.3317,1.716391
41.4841,1.757975
41.6365,1.789976
41.7889,1.818929
41.9413,1.836686
42.0937,1.854221
42.2461,1.862502
42.3985,1.879001
42.5509,1.917176
42.7033,1.939424
42.8557,1.959053
43.0081,1.972532
43.1605,1.971169
43.3129,1.970182
43.4653,1.968865
43.6177,1.960308
43.7701,1.958709
43.9225,1.950117
44.0749,1.943517
44.2273,1.941071
44.3797,1.942704
44.5321,1.936487
44.6845,1.923091
44.8369,1.922396
44.9893,1.926908
45.1417,1.922835
45.2941,1.916053
45.4465,1.913411
45.5989,1.930043
45.7513,1.939768
45.9037,1.94658
46.0561,1.947084
46.2085,1.945318
46.3609,1.945103
46.5133,1.94055
46.6657,1.920269
46.8181,1.932795
46.9705,1.934529
47.1229,1.938755
47.2753,1.935409
47.4277,1.944931
47.5801,1.9446
47.7325,1.955401
47.8849,1.956046
48.0373,1.964817
48.1897,1.958625
48.3421,1.963211
48.4945,1.956477
48.6469,1.967988
48.7993,1.960518
48.9517,1.964662
49.1041,1.955108
49.2565,1.954013
49.4089,1.9583
49.5613,1.958562
49.7137,1.943003
49.8661,1.951443
50.0185,1.936536
50.1709,1.944847
50.3233,1.938211
50.4757,1.938834
50.6281,1.9427
50.7805,1.951488
50.9329,1.950907
51.0853,1.954921
51.2377,1.960833
51.3901,1.953078
51.5425,1.947558
51.6949,1.951735
51.8473,1.963411
51.9997,1.978417
52.1521,1.98739
52.3045,1.975704
52.4569,1.98764
52.6093,1.99501
52.7617,1.985497
52.9141,1.976813
53.0665,1.967029
53.2189,1.955181
53.3713,1.963866
53.5237,1.957045
53.6761,1.948508
53.8285,1.955086
53.9809,1.95679
54.1333,1.971057
54.2857,1.971825
54.4381,1.980762
54.5905,1.980324
54.7429,1.988542
54.8953,1.983611
55.0477,1.986745
55.2001,1.988096
55.3525,2.008205
55.5049,2.006994
55.6573,2.012662
55.8097,1.999781
55.9621,2.002439
56.1145,2.000118
56.2669,1.99912
56.4193,1.994781
56.5717,1.992176
56.7241,1.974436
56.8765,1.979045
57.0289,1.973008
57.1813,1.967885
57.3337,1.965577
57.4861,1.964001
57.6385,1.973226
57.7909,1.996311
57.9433,1.997552
58.0957,1.99096
58.2481,1.997259
58.4005,1.991544
58.5529,1.986855
58.7053,1.987734
58.8577,1.979668
59.0101,1.98043
59.1625,1.982617
59.3149,1.987631
59.4673,1.993983
59.6197,2.004856
59.7721,1.997749
59.9245,1.999771
60.0769,2.001258
60.2293,2.003435
60.3817,1.984702
60.5341,1.990161
60.6865,1.987066
60.8389,1.997149
60.9913,1.999684
61.1437,2.006591
61.2961,2.009604
61.4485,2.001282
61.6009,1.993603
61.7533,2.003026
61.9057,1.999995
62.0581,1.999406
62.2105,2.004468
62.3629,1.999059
62.5153,1.992737
62.6677,1.998994
62.8201,2.005691
62.9725,2.000762
63.1249,2.000018
63.2773,1.992377
63.4297,1.994873
63.5821,2.009652
63.7345,2.003649
63.8869,1.993304
64.0393,1.991017
64.1917,1.98462
64.3441,1.981081
64.4965,1.982389
64.6489,1.97857
64.8013,1.975998
64.9537,1.978055
65.1061,1.981804
65.2585,1.98321
65.4109,1.973925
65.5633,1.980343
65.7157,1.990834
65.8681,2.001761
66.0205,2.002262
66.1729,2.016201
66.3253,2.010047
66.4777,2.024104
66.6301,2.008401
66.7825,1.992521
66.9349,1.988412
67.0873,1.975283
67.2397,1.975749
67.3921,1.978862
67.5445,1.969157
67.6969,1.964846
67.8493,1.960498
68.0017,1.95496
68.1541,1.957646
68.3065,1.953618
68.4589,1.969458
68.6113,1.977163
68.7637,1.986902
68.9161,1.997753
69.0685,1.988776
69.2209,1.991848
69.3733,1.992567
69.5257,1.981009
69.6781,1.979697
69.8305,1.970198
69.9829,1.976517
70.1353,1.976643
70.2877,1.978785
70.4401,1.97074
70.5925,1.975835
70.7449,1.968451
70.8973,1.97488
71.0497,1.965367
71.2021,1.965174
71.3545,1.963316
71.5069,1.970365
71.6593,1.987319
71.8117,1.997501
71.9641,2.010409
72.1165,2.020411
72.2689,2.023746
72.4213,2.03287
72.5737,2.035658
72.7261,2.02583
72.8785,2.021694
73.0309,2.023763
73.1833,2.029264
73.3357,2.039274
73.4881,2.035687
73.6405,2.0355
73.7929,2.03324
73.9453,2.045558
74.0977,2.050296
74.2501,2.048299
74.4025,2.045428
74.5549,2.038449
74.7073,2.040105
74.8597,2.044246
75.0121,2.047644
75.1645,2.031185
75.3169,2.020651
75.4693,2.021324
75.6217,2.021513
75.7741,2.02017
75.9265,2.01808
76.0789,2.022362
76.2313,2.03686
76.3837,2.043669
76.5361,2.034005
76.6885,2.044115
76.8409,2.039496
76.9933,2.03828
77.1457,2.040502
77.2981,2.031006
77.4505,2.024884
77.6029,2.020147
77.7553,2.006449
77.9077,2.005215
78.0601,2.011139
78.2125,2.002646
78.3649,2.013627
78.5173,2.002866
78.6697,2.003273
78.8221,2.003151
78.9745,1.996373
79.1269,2.000338
79.2793,2.003111
79.4317,2.007877
79.5841,2.019542
79.7365,2.012043
79.8889,1.99335
80.0413,1.989039
80.1937,1.974673
80.3461,1.969084
80.4985,1.961611
80.6509,1.977875
80.8033,1.996796
80.9557,1.986712
81.1081,1.967278
81.2605,1.940808
81.4129,1.91494
81.5653,1.890521
81.7177,1.868827
81.8701,1.864832
82.0225,1.888684
82.1749,1.907204
82.3273,1.924118
82.4797,1.930702
82.6321,1.945283
82.7845,1.961703
82.9369,1.98016
83.0893,1.973378
83.2417,1.962034
83.3941,1.959905
83.5465,1.962454
83.6989,1.962501
83.8513,1.981648
84.0037,1.996002
84.1561,2.017978
84.3085,2.035385
84.4609,2.041437
84.6133,2.045558
84.7657,2.061014
84.9181,2.051563
85.0705,2.051417
85.2229,2.036859
85.3753,2.007066
85.5277,1.95381
85.6801,1.866678
85.8325,1.806276
85.9849,1.732126
86.1373,1.655313
86.2897,1.627906
86.4421,1.653812
86.5945,1.666244
86.7469,1.729354
86.8993,1.772928
87.0517,1.813465
87.2041,1.827633
87.3565,1.821936
87.5089,1.825649
87.6613,1.838498
87.8137,1.836859
87.9661,1.841285
88.1185,1.859231
88.2709,1.880208
88.4233,1.898075
88.5757,1.912251
88.7281,1.929089
88.8805,1.934582
89.0329,1.947308
89.1853,1.954993
89.3377,1.958754
89.4901,1.957699
89.6425,1.965449
89.7949,1.961885
89.9473,1.969937
90.0997,1.974497
90.2521,1.972476
90.4045,1.980587
90.5569,1.981101
90.7093,1.963565
90.8617,1.967764
91.0141,1.957197
91.1665,1.941996
91.3189,1.937178
91.4713,1.93765
91.6237,1.939193
91.7761,1.949975
91.9285,1.95307
92.0809,1.971355
92.2333,1.972799
92.3857,1.970551
92.5381,1.985909
92.6905,1.994709
92.8429,1.987713
92.9953,1.976742
93.1477,1.967631
93.3001,1.968928
93.4525,1.963773
93.6049,1.94808
93.7573,1.932431
93.9097,1.941135
94.0621,1.946321
94.2145,1.946586
94.3669,1.941698
94.5193,1.950368
94.6717,1.958314
94.8241,1.960641
94.9765,1.95187
95.1289,1.945369
95.2813,1.948516
95.4337,1.942596
95.5861,1.940415
95.7385,1.930641
95.8909,1.931532
96.0433,1.926094
96.1957,1.926093
96.3481,1.905308
96.5005,1.888089
96.6529,1.887969
96.8053,1.883497
96.9577,1.880074
97.1101,1.888257
97.2625,1.89747
97.4149,1.909471
97.5673,1.901741
97.7197,1.904574
97.8721,1.906957
98.0245,1.906133
98.1769,1.907474
98.3293,1.914711
98.4817,1.914511
98.6341,1.924688
98.7865,1.92012
98.9389,1.921512
99.0913,1.921957
99.2437,1.928511
99.3961,1.93802
99.5485,1.934771
99.7009,1.937372
99.8533,1.955624
100.0057,1.947978
100.1581,1.936294
100.3105,1.920169
100.4629,1.898383
100.6153,1.887682
100.7677,1.8669
100.9201,1.856199
101.0725,1.875023
101.2249,1.891984
101.3773,1.889472
101.5297,1.882674
101.6821,1.878183
101.8345,1.880493
101.9869,1.878069
102.1393,1.882658
102.2917,1.882758
102.4441,1.875049
102.5965,1.875958
102.7489,1.866458
102.9013,1.847143
103.0537,1.848468
103.2061,1.869918
103.3585,1.90453
103.5109,1.921108
103.6633,1.928226
103.8157,1.935278
103.9681,1.932006
104.1205,1.926376
104.2729,1.934641
104.4253,1.925829
104.5777,1.922784
104.7301,1.919706
104.8825,1.894484
105.0349,1.877746
105.1873,1.875376
105.3397,1.868092
105.4921,1.876012
105.6445,1.88185
105.7969,1.896773
105.9493,1.890564
106.1017,1.878399
106.2541,1.86697
106.4065,1.868057
106.5589,1.868931
106.7113,1.884285
106.8637,1.9097
107.0161,1.94244
107.1685,1.953082
107.3209,1.953792
107.4733,1.940402
107.6257,1.935143
107.7781,1.934176
107.9305,1.937311
108.0829,1.934227
108.2353,1.938604
108.3877,1.923861
108.5401,1.923435
108.6925,1.920442
108.8449,1.902035
108.9973,1.888908
109.1497,1.87548
109.3021,1.871434
109.4545,1.882031
109.6069,1.894834
109.7593,1.924868
109.9117,1.960963
110.0641,1.971707
110.2165,1.969947
110.3689,1.97761
110.5213,1.973393
110.6737,1.965504
110.8261,1.959204
110.9785,1.959162
111.1309,1.968192
111.2833,1.974566
111.4357,1.987811
111.5881,1.989094
111.7405,1.999449
111.8929,2.002621
112.0453,2.002523
112.1977,1.994466
112.3501,1.99596
112.5025,1.975587
112.6549,1.969314
112.8073,1.966567
112.9597,1.970011
113.1121,1.983975
113.2645,1.988582
113.4169,1.987603
113.5693,1.981062
113.7217,1.983166
113.8741,1.992009
114.0265,1.971126
114.1789,1.957345
114.3313,1.95743
114.4837,1.963542
114.6361,1.965296
114.7885,1.964687
114.9409,1.958619
115.0933,1.977313
115.2457,1.975318
115.3981,1.980608
115.5505,1.982326
115.7029,1.975967
115.8553,1.971222
116.0077,1.959308
116.1601,1.966167
116.3125,1.973891
116.4649,1.980323
116.6173,1.985858
116.7697,1.991879
116.9221,2.000007
117.0745,2.014175
117.2269,2.006602
117.3793,1.995545
117.5317,2.002157
117.6841,1.997259
117.8365,1.99149
117.9889,1.975948
118.1413,1.972084
118.2937,1.965474
118.4461,1.973655
118.5985,1.973862
118.7509,1.969489
118.9033,1.959372
119.0557,1.956721
119.2081,1.961183
119.3605,1.972633
119.5129,1.969476
119.6653,1.974359
119.8177,1.97502
119.9701,1.974274
120.1225,1.981507
120.2749,1.972788
120.4273,1.964202
120.5797,1.972753
120.7321,1.971238
120.8845,1.970355
121.0369,1.96676
121.1893,1.959169
121.3417,1.959595
121.4941,1.96561
121.6465,1.983306
121.7989,1.991497
121.9513,2.001274
122.1037,1.992733
122.2561,1.992806
122.4085,1.980386
122.5609,1.982197
122.7133,1.96234
122.8657,1.960173
123.0181,1.953669
123.1705,1.963452
123.3229,1.969443
123.4753,1.979818
123.6277,1.975045
123.7801,1.989132
123.9325,2.002145
124.0849,1.985263
124.2373,1.982201
124.3897,1.985402
124.5421,1.979407
124.6945,1.982901
124.8469,1.982188
124.9993,1.970858
125.1517,1.961582
125.3041,1.952787
125.4565,1.948639
125.6089,1.958891
125.7613,1.968326
125.9137,1.982382
126.0661,1.993898
126.2185,1.995881
126.3709,2.001754
126.5233,1.989832
126.6757,1.99071
126.8281,1.986697
126.9805,1.981432
127.1329,1.977278
127.2853,1.978011
127.4377,1.963819
127.5901,1.949087
127.7425,1.940862
127.8949,1.93749
128.0473,1.934444
128.1997,1.937496
128.3521,1.936706
128.5045,1.936082
128.6569,1.950623
128.8093,1.958496
128.9617,1.947562
129.1141,1.960244
129.2665,1.956573
129.4189,1.950472
129.5713,1.943063
129.7237,1.948631
129.8761,1.940593
130.0285,1.94584
130.1809,1.945186
130.3333,1.958603
130.4857,1.973523
130.6381,1.986797
130.7905,1.982263
130.9429,1.98811
131.0953,1.985662
131.2477,1.975028
131.4001,1.976279
131.5525,1.969627
131.7049,1.965511
131.8573,1.982993
132.0097,1.990444
132.1621,1.999067
132.3145,2.001809
132.4669,1.988674
132.6193,1.989156
132.7717,1.988358
132.9241,1.982204
133.0765,1.976922
133.2289,1.96488
133.3813,1.958218
133.5337,1.965266
133.6861,1.953068
133.8385,1.94239
133.9909,1.941013
134.1433,1.948929
134.2957,1.943107
134.4481,1.932117
134.6005,1.950006
134.7529,1.972294
134.9053,1.985115
135.0577,1.998002
135.2101,2.011719
135.3625,2.027406
135.5149,2.037155
135.6673,2.029593
135.8197,2.002631
135.9721,1.987218
136.1245,1.968083
136.2769,1.967164
136.4293,1.966399
136.5817,1.972661
136.7341,1.97273
136.8865,1.977148
137.0389,1.979274
137.1913,2.00618
137.3437,2.015858
137.4961,2.012726
137.6485,2.004407
137.8009,1.99479
137.9533,1.978808
138.1057,1.971002
138.2581,1.958903
138.4105,1.955825
138.5629,1.972726
138.7153,1.992014
138.8677,2.00099
139.0201,2.018367
139.1725,2.038514
139.3249,2.039899
139.4773,2.034373
139.6297,2.026275
139.7821,2.013423
139.9345,2.01147
140.0869,1.992912
140.2393,2.012187
140.3917,2.00747
140.5441,2.020006
140.6965,2.027189
140.8489,2.037014
141.0013,2.038294
141.1537,2.053076
141.3061,2.025315
141.4585,2.030754
141.6109,2.020159
141.7633,2.010854
141.9157,1.994722
142.0681,1.980332
142.2205,1.958754
142.3729,1.950467
142.5253,1.91979
142.6777,1.886202
142.8301,1.825743
142.9825,1.767081
143.1349,1.698679
143.2873,1.623332
143.4397,1.541705
143.5921,1.51596
143.7445,1.496205
143.8969,1.441163
144.0493,1.413067
144.2017,1.401212
144.3541,1.363057
144.5065,1.359524
144.6589,1.392634
144.8113,1.431644
144.9637,1.446957
145.1161,1.465934
145.2685,1.459844
145.4209,1.471726
145.5732,1.460279
145.7256,1.443514
145.8780,1.373995
146.0304,1.286222
146.1828,1.175487
146.3352,1.097904
146.4876,1.014271
146.6400,1.004073
146.7924,1.025672
146.9448,1.061662
147.0972,1.085794
147.2496,1.111249
147.4020,1.147746
147.5544,1.194263
147.7068,1.235267
147.8592,1.24037
148.0116,1.221659
148.1640,1.172762
148.3164,1.151538
148.4688,1.123877
148.6212,1.139398
148.7736,1.120078
148.9260,1.135102
149.0784,1.115375
149.2308,1.104032
149.3832,1.038716
149.5356,0.9967688
149.6880,0.952525
149.8404,1.024441
149.9928,1.126479
150.1452,1.320052
150.2976,1.496014
150.4500,1.677803
150.6024,1.787553
150.7548,1.817693
150.9072,1.791137
151.0596,1.754939
151.2120,1.702842
151.3644,1.650225
151.5168,1.647991
151.6692,1.639663
151.8216,1.617878
151.9740,1.560991
152.1264,1.501394
152.2788,1.448984
152.4312,1.402378
152.5836,1.359508
152.7360,1.336046
152.8884,1.29709
153.0408,1.265877
153.1932,1.266186
153.3456,1.260256
153.4980,1.306806
153.6504,1.360236
153.8028,1.413171
153.9552,1.381481
154.1076,1.34483
154.2600,1.268738
154.4124,1.218351
154.5648,1.162311
154.7172,1.152279
154.8696,1.168234
155.0220,1.179439
155.1744,1.205259
155.3268,1.21965
155.4792,1.216399
155.6316,1.207285
155.7840,1.194331
155.9364,1.175806
156.0888,1.123175
156.2412,1.090043
156.3936,1.056657
156.5460,1.068861
156.6984,1.095425
156.8508,1.148883
157.0032,1.243451
157.1556,1.371861
157.3080,1.472028
157.4604,1.55529
157.6128,1.628226
157.7652,1.628581
157.9176,1.562564
158.0700,1.507487
158.2224,1.497577
158.3748,1.474959
158.5272,1.496807
158.6796,1.540711
158.8320,1.566634
158.9844,1.557271
159.1368,1.538393
159.2892,1.542645
159.4416,1.527739
159.5940,1.55944
159.7464,1.587512
159.8988,1.70079
160.0512,1.672833
160.2036,1.663723
160.3560,1.652596
160.5084,1.613613
160.6608,1.524633
160.8132,1.536324
160.9656,1.520465
161.1180,1.519244
161.2704,1.566415
161.4228,1.577667
161.5752,1.606811
161.7276,1.601098
161.8800,1.56772
162.0324,1.49458
162.1848,1.428264
162.3372,1.354071
162.4896,1.302502
162.6420,1.273419
162.7944,1.305083
162.9468,1.374527
163.0992,1.439503
163.2516,1.458526
163.4040,1.468055
163.5564,1.448277
163.7088,1.394307
163.8612,1.332881
164.0136,1.311755
164.1660,1.310474
164.3184,1.350638
164.4708,1.40682
164.6232,1.465444
164.7756,1.480105
164.9280,1.453304
165.0804,1.430337
165.2328,1.359589
165.3852,1.254235
165.5376,1.193218
165.6900,1.160833
165.8424,1.147134
165.9948,1.151819
166.1472,1.178317
166.2996,1.206253
166.4520,1.280525
166.6044,1.360849
166.7568,1.435133
166.9092,1.525876
167.0616,1.594592
167.2140,1.634852
167.3664,1.646582
167.5188,1.665007
167.6712,1.672033
167.8236,1.712549
167.9760,1.757442
168.1284,1.7937
168.2808,1.814024
168.4332,1.800265
168.5856,1.759203
168.7380,1.700554
168.8904,1.680484
169.0428,1.663219
169.1952,1.689288
169.3476,1.729805
169.5000,1.776316
169.6524,1.767089
169.8048,1.75551
169.9572,1.720003
170.1096,1.697106
170.2620,1.665872
170.4144,1.642118
170.5668,1.615841
170.7192,1.608734
170.8716,1.595379
171.0240,1.580213
171.1764,1.515376
171.3288,1.450863
171.4812,1.422268
171.6336,1.409723
171.7860,1.403796
171.9384,1.439617
172.0908,1.484698
172.2432,1.538917
172.3956,1.557948
172.5480,1.596846
172.7004,1.622812
172.8528,1.646398
173.0052,1.649822
173.1576,1.676187
173.3100,1.67382
173.4624,1.681772
173.6148,1.684859
173.7672,1.676054
173.9196,1.672594
174.0720,1.643977
174.2244,1.600459
174.3768,1.567361
174.5292,1.556684
174.6816,1.557952
174.8340,1.555739
174.9864,1.560551
175.1388,1.582289
175.2912,1.578479
175.4436,1.537642
175.5960,1.502871
175.7484,1.469148
175.9008,1.419799
176.0532,1.360072
176.2056,1.309092
176.3580,1.258167
176.5104,1.22134
176.6628,1.18859
176.8152,1.168357
176.9676,1.126833
177.1200,1.100062
177.2724,1.072649
177.4248,1.116017
177.5772,1.197341
177.7296,1.256828
177.8820,1.321033
178.0344,1.377038
178.1868,1.421894
178.3392,1.436556
178.4916,1.40016
178.6440,1.362729
178.7964,1.349578
178.9488,1.296206
179.1012,1.222415
179.2536,1.170712
179.4060,1.138339
179.5584,1.127078
179.7108,1.147498
179.8632,1.183205
180.0156,1.199596
180.1680,1.220284
180.3204,-999.25
180.4728,-999.25
180.6252,-999.25
180.7776,-999.25
180.9300,-999.25
181.0824,-999.25
181.2348,-999.25
181.3872,-999.25
181.5396,-999.25
181.6920,-999.25
181.8444,-999.25
181.9968,-999.25
182.1492,-999.25
182.3016,-999.25
182.4540,-999.25
182.6064,-999.25
182.7588,-999.25
182.9112,-999.25
183.0636,-999.25
183.2160,-999.25
183.3684,-999.25
183.5208,-999.25
183.6732,-999.25
183.8256,-999.25
183.9780,1.116726
184.1304,1.121038
184.2828,1.11455
184.4352,1.124221
184.5876,1.133354
184.7400,1.153312
184.8924,1.198932
185.0448,1.271202
185.1972,1.339193
185.3496,1.436726
185.5020,1.523208
185.6544,1.612242
185.8068,1.600131
185.9592,1.610281
186.1116,1.607438
186.2640,1.629398
186.4164,1.658333
186.5688,1.714569
186.7212,1.735877
186.8736,1.771233
187.0260,1.763181
187.1784,1.746913
187.3308,1.705275
187.4832,1.660751
187.6356,1.59024
187.7880,1.510957
187.9404,1.431043
188.0928,1.402621
188.2452,1.365479
188.3976,1.300471
188.5500,1.289006
188.7024,1.263355
188.8548,1.250265
189.0072,1.236309
189.1596,1.27173
189.3120,1.266486
189.4644,1.261453
189.6168,1.237702
189.7692,1.236276
189.9216,1.244379
190.0740,1.26687
190.2264,1.288331
190.3788,1.334695
190.5312,1.355066
190.6836,1.343262
190.8360,1.330848
190.9884,1.298518
191.1408,1.252061
191.2932,1.174469
191.4456,1.115335
191.5980,1.061945
191.7504,1.01604
191.9028,0.9618844
192.0552,0.951291
192.2076,0.935887
192.3600,0.9333856
192.5124,0.9483373
192.6648,0.9401961
192.8172,0.938301
192.9696,0.9607624
193.1220,0.9655982
193.2744,0.9609867
193.4268,0.9796153
193.5792,-999.25
193.7316,-999.25
193.8840,-999.25
194.0364,-999.25
194.1888,-999.25
194.3412,-999.25
194.4936,-999.25
194.6460,-999.25
194.7984,-999.25
194.9508,-999.25
195.1032,-999.25
195.2556,-999.25
195.4080,-999.25
195.5604,-999.25
195.7128,-999.25
195.8652,1.236767
196.0176,1.299057
196.1700,1.488446
196.3224,1.591298
196.4748,1.599898
196.6272,1.626376
196.7796,1.687728
196.9320,1.672712
197.0844,1.661791
197.2368,1.673121
197.3892,1.690846
197.5416,1.70014
197.6940,1.741869
197.8464,1.774507
197.9988,1.780275
198.1512,1.820102
198.3036,1.879274
198.4560,1.906924
198.6084,-999.25
198.7608,-999.25
198.9132,-999.25
199.0656,-999.25
199.2180,-999.25
199.3704,-999.25
199.5228,-999.25
199.6752,-999.25
199.8276,1.669075
199.9800,1.643007
200.1324,1.608031
200.2848,1.573226
200.4372,1.53807
200.5896,1.49836
200.7420,1.471273
200.8944,1.455545
201.0468,1.454694
201.1992,1.481668
201.3516,1.459952
201.5040,1.460598
201.6564,1.449232
201.8088,1.412946
201.9612,1.39199
202.1136,1.439392
202.2660,1.490935
202.4184,1.570667
202.5708,1.664914
202.7232,1.711443
202.8756,1.738051
203.0280,1.734618
203.1804,1.713761
203.3328,1.670577
203.4852,1.643189
203.6376,1.617025
203.7900,1.612197
203.9424,1.646188
204.0948,1.594467
204.2472,1.530415
204.3996,1.429683
204.5520,1.310875
204.7044,1.156065
204.8568,1.105668
205.0092,1.110447
205.1616,1.159544
205.3140,1.205243
205.4664,1.259042
205.6188,1.294952
205.7712,1.291001
205.9236,1.254431
206.0760,1.198262
206.2284,1.157511
206.3808,1.134731
206.5332,1.133917
206.6856,1.135427
206.8380,1.189716
206.9904,1.268131
207.1428,1.371381
207.2952,1.467036
207.4476,1.56745
207.6000,1.624488
207.7524,1.62375
207.9048,1.58135
208.0572,1.526416
208.2096,1.503995
208.3620,1.499221
208.5144,1.530056
208.6668,1.589632
208.8192,1.604884
208.9716,1.608572
209.1240,1.554733
209.2764,1.503465
209.4288,1.441328
209.5812,1.407454
209.7336,1.364063
209.8860,1.358638
210.0384,1.32881
210.1908,1.324801
210.3432,1.293384
210.4956,1.253674
210.6480,1.235016
210.8004,1.258056
210.9528,1.298372
211.1052,1.359847
211.2576,1.427563
211.4100,1.435542
211.5624,1.417439
211.7148,1.365033
211.8672,1.292505
212.0196,1.218107
212.1720,1.160886
212.3244,1.122551
212.4768,1.08515
212.6292,1.065934
212.7816,1.076667
212.9340,1.133037
213.0864,1.198299
213.2388,1.279977
213.3912,1.331217
213.5436,1.369221
213.6960,1.36194
213.8484,1.333913
214.0008,1.301571
214.1532,1.313934
214.3056,1.395302
214.4580,1.485204
214.6104,1.567876
214.7628,1.657506
214.9152,1.727569
215.0676,1.729871
215.2200,1.756284
215.3724,1.771278
215.5248,1.778768
215.6772,1.75525
215.8296,1.725043
215.9820,1.681694
216.1344,1.615192
216.2868,1.550871
216.4392,1.546911
216.5916,1.565918
216.7440,1.53307
216.8964,1.529403
217.0488,1.544781
217.2012,1.573675
217.3536,1.534957
217.5060,1.492064
217.6584,1.458309
217.8108,1.444696
217.9632,1.42125
218.1156,1.394682
218.2680,1.364855
218.4204,1.336326
218.5728,1.293048
218.7252,1.268492
218.8776,1.228232
219.0300,1.178621
219.1824,1.15257
219.3348,1.134111
219.4872,1.115019
219.6396,1.082165
219.7920,1.091047
219.9444,1.032356
220.0968,0.985118
220.2492,0.9797437
220.4016,1.04821
220.5540,1.131648
220.7064,1.197332
220.8588,1.231555
221.0112,1.253802
221.1636,1.259186
221.3160,1.205615
221.4684,1.158478
221.6208,1.14973
221.7732,1.162257
221.9256,1.218486
222.0780,1.290923
222.2304,1.355581
222.3828,1.441947
222.5352,1.384576
222.6876,1.28468
222.8400,1.157831
222.9924,1.043006
223.1448,0.8982487
223.2972,0.9249993
223.4496,0.9451532
223.6020,0.9767898
223.7544,0.9693381
223.9068,0.9676331
224.0592,0.9788488
224.2116,1.004702
224.3640,1.033292
224.5164,1.101658
224.6688,1.175847
224.8212,1.254119
224.9736,1.332803
225.1260,1.431262
225.2784,1.503148
225.4308,1.577629
225.5832,1.617639
225.7356,1.61946
225.8880,1.592358
226.0404,1.583588
226.1928,1.553618
226.3452,1.449945
226.4976,1.330272
226.6500,1.236922
226.8024,1.189521
226.9548,1.203855
227.1072,1.369417
227.2596,1.568972
227.4120,1.720484
227.5644,1.847261
227.7168,1.947372
227.8692,1.993959
228.0216,2.002894
228.1740,2.012995
228.3264,2.008772
228.4788,1.997077
228.6312,1.999617
228.7836,1.988726
228.9360,1.995196
229.0884,1.997393
229.2408,2.004796
229.3932,2.007449
229.5456,2.023505
229.6980,2.023896
229.8504,2.02877
230.0028,2.02059
230.1552,2.013787
230.3076,2.012544
230.4600,2.021252
230.6124,2.01914
230.7648,2.018072
230.9172,2.02039
231.0696,2.012799
231.2220,2.00983
231.3744,2.017167
231.5268,2.011745
231.6792,2.019845
231.8316,2.02205
231.9840,2.037171
232.1364,2.039819
232.2888,2.037074
232.4412,2.032068
232.5936,2.03925
232.7460,2.030062
232.8984,2.020854
233.0508,2.011703
233.2032,2.022393
233.3556,2.023798
233.5080,2.019758
233.6604,2.006434
233.8128,2.004589
233.9652,2.003859
234.1176,2.006427
234.2700,2.011183
234.4224,2.010077
234.5748,2.011219
234.7272,2.002428
234.8796,1.999243
235.0320,2.000695
235.1844,1.999118
235.3368,1.994498
235.4892,2.000222
235.6416,2.005203
235.7940,2.023006
235.9464,2.036381
236.0988,2.042797
236.2512,2.035356
236.4036,2.022972
236.5560,2.00898
236.7084,1.980387
236.8608,1.954575
237.0132,1.93788
237.1656,1.930051
237.3180,1.930424
237.4704,1.93282
237.6228,1.93365
237.7752,1.944186
237.9276,1.951572
238.0800,1.965176
238.2324,1.970594
238.3848,1.981176
238.5372,2.009919
238.6896,2.022998
238.8420,2.032547
238.9944,2.031488
239.1468,2.022805
239.2992,2.023228
239.4516,2.022131
239.6040,2.023295
239.7564,2.010942
239.9088,2.002164
240.0612,2.00877
240.2136,2.014753
240.3660,2.008003
240.5184,2.001078
240.6708,1.999357
240.8232,1.997733
240.9756,1.99755
241.1280,2.001089
241.2804,2.006132
241.4328,2.018258
241.5852,2.028655
241.7376,2.021878
241.8900,2.035905
242.0424,2.037512
242.1948,2.04088
242.3472,2.043293
242.4996,2.045152
242.6520,2.035959
242.8044,2.04131
242.9568,2.045877
243.1092,2.037529
243.2616,2.039245
243.4140,2.042418
243.5664,2.039549
243.7188,2.034988
243.8712,2.032769
244.0236,2.017817
244.1760,2.012549
244.3284,2.007825
244.4808,2.005447
244.6332,2.01345
244.7856,2.027234
244.9380,2.038673
245.0904,2.040396
245.2428,2.034943
245.3952,2.028225
245.5476,2.03208
245.7000,2.017622
245.8524,2.008302
246.0048,1.999996
246.1572,2.011014
246.3096,2.031256
246.4620,2.04206
246.6144,2.042857
246.7668,2.040542
246.9192,2.04552
247.0716,2.045255
247.2240,2.051513
247.3764,2.04057
247.5288,2.030743
247.6812,2.005458
247.8336,2.018166
247.9860,2.020478
248.1384,2.020337
248.2908,2.019365
248.4432,2.029892
248.5956,2.034211
248.7480,2.034353
248.9004,2.033593
249.0528,2.031664
249.2052,2.043525
249.3576,2.044544
249.5100,2.041805
249.6624,2.046248
249.8148,2.051514
249.9672,2.049692
250.1196,2.045541
250.2720,2.024661
250.4244,2.020754
250.5768,2.009147
250.7292,2.013252
250.8816,2.006566
251.0340,2.008589
251.1864,2.008969
251.3388,2.024175
251.4912,2.023263
251.6436,2.032891
251.7960,2.034855
251.9484,2.042532
252.1008,2.041189
252.2532,2.050967
252.4056,2.051752
252.5580,2.063358
252.7104,2.064801
252.8628,2.072975
253.0152,2.075849
253.1676,2.066908
253.3200,2.060037
253.4724,2.063355
253.6248,2.054123
253.7772,2.067427
253.9296,2.064726
254.0820,2.063181
254.2344,2.069631
254.3868,2.071142
254.5392,2.07347
254.6916,2.075033
254.8440,2.068471
254.9964,2.070014
255.1488,2.061121
255.3012,2.052913
255.4536,2.047137
255.6060,2.04935
255.7584,2.047457
255.9108,2.052144
256.0632,2.060761
256.2156,2.071191
256.3680,2.071734
256.5204,2.068532
256.6728,2.070104
256.8252,2.063361
256.9776,2.053898
257.1300,2.043135
257.2824,2.039139
257.4348,2.04162
257.5872,2.037856
257.7396,2.021913
257.8920,2.031275
258.0444,2.035071
258.1968,2.037753
258.3492,2.038786
258.5016,2.046691
258.6540,2.046584
258.8064,2.051248
258.9588,2.051434
259.1112,2.052693
259.2636,2.047571
259.4160,2.04994
259.5684,2.045247
259.7208,2.044298
259.8732,2.046407
260.0256,2.052563
260.1780,2.051412
260.3304,2.041877
260.4828,2.046264
260.6352,2.048956
260.7876,2.047703
260.9400,2.051395
261.0924,2.050983
261.2448,2.042063
261.3972,2.046928
261.5496,2.047589
261.7020,2.050684
261.8544,2.057464
262.0068,2.050318
262.1592,2.041395
262.3116,2.05439
262.4640,2.060426
262.6164,2.066688
262.7688,2.076185
262.9212,2.072055
263.0736,2.075335
263.2260,2.077116
263.3784,2.078309
263.5308,2.076331
263.6832,2.07081
263.8356,2.063248
263.9880,2.07072
264.1404,2.062798
264.2928,2.069608
264.4452,2.061449
264.5976,2.058076
264.7500,2.05563
264.9024,2.060348
265.0548,2.063674
265.2072,2.070563
265.3596,2.060315
265.5120,2.056442
265.6644,2.060115
265.8168,2.056885
265.9692,2.052164
266.1216,2.042873
266.2740,2.037804
266.4264,2.044786
266.5788,2.050082
266.7312,2.048035
266.8836,2.052886
267.0360,2.062223
267.1884,2.069421
267.3408,2.065789
267.4932,2.061827
267.6456,2.054571
267.7980,2.058145
267.9504,2.067372
268.1028,2.056074
268.2552,2.054882
268.4076,2.058204
268.5600,2.057085
268.7124,2.059875
268.8648,2.060818
269.0172,2.050112
269.1696,2.061313
269.3220,2.062005
269.4744,2.0649
269.6268,2.059089
269.7792,2.052073
269.9316,2.053196
270.0840,2.059308
270.2364,2.05916
270.3888,2.060128
270.5412,2.063814
270.6936,2.069601
270.8460,2.062189
270.9984,2.057326
271.1508,2.062484
271.3032,2.065752
271.4556,2.068638
271.6080,2.073323
271.7604,2.06705
271.9128,2.073029
272.0652,2.075549
272.2176,2.074148
272.3700,2.100222
272.5224,2.106204
272.6748,2.094558
272.8272,2.101021
272.9796,2.100715
273.1320,2.096321
273.2844,2.102805
273.4368,2.076839
273.5892,2.063112
273.7416,2.058873
273.8940,2.056959
274.0464,2.066966
274.1988,2.078164
274.3512,2.066318
274.5036,2.074358
274.6560,2.097065
274.8084,2.102154
274.9608,2.095287
275.1132,2.091358
275.2656,2.072615
275.4180,2.07987
275.5704,2.072764
275.7228,2.06071
275.8752,2.061207
276.0276,2.056854
276.1800,2.056982
276.3324,2.052084
276.4848,2.053683
276.6372,2.054991
276.7896,2.059215
276.9420,2.061841
277.0944,2.059537
277.2468,2.058035
277.3992,2.067564
277.5516,2.053324
277.7040,2.036097
277.8564,2.023384
278.0088,2.002741
278.1612,1.996465
278.3136,1.986162
278.4660,1.993538
278.6184,2.000302
278.7708,2.021441
278.9232,2.04082
279.0756,2.035527
279.2280,2.038073
279.3804,2.037864
279.5328,2.030248
279.6852,2.037704
279.8376,2.029036
279.9900,2.021115
280.1424,2.028904
280.2948,2.04162
280.4472,2.055355
280.5996,2.061403
280.7520,2.053347
280.9044,2.054612
281.0568,2.047834
281.2092,2.052824
281.3616,2.049882
281.5140,2.054372
281.6664,2.062182
281.8188,2.069525
281.9712,2.05802
282.1236,2.030327
282.2760,1.956314
282.4284,1.867095
282.5808,1.774555
282.7332,1.68295
282.8856,1.606557
283.0380,1.540944
283.1904,1.488783
283.3428,1.466702
283.4952,1.389976
283.6476,1.322604
283.8000,1.31136
283.9524,1.307384
284.1048,1.315062
284.2572,1.411595
284.4096,1.474802
284.5620,1.467319
284.7144,1.484093
284.8668,1.489155
285.0192,1.465192
285.1716,1.4822
285.3240,1.507126
285.4764,1.494941
285.6288,1.469889
285.7812,1.467104
285.9336,1.460644
286.0860,1.491718
286.2384,1.520162
286.3908,1.56411
286.5432,1.596484
286.6956,1.619247
286.8480,1.626601
287.0004,1.61509
287.1528,1.58784
287.3052,1.565693
287.4576,1.556726
287.6100,1.555043
287.7624,1.562539
287.9148,1.59434
288.0672,1.606066
288.2196,1.612567
288.3720,1.605205
288.5244,1.592524
288.6768,1.585866
288.8292,1.582641
288.9816,1.573837
289.1340,1.598798
289.2864,1.641587
289.4388,1.670652
289.5912,1.63655
289.7436,1.638953
289.8960,1.663548
290.0484,1.631543
290.2008,1.610927
290.3532,1.58619
290.5056,1.621012
290.6580,1.665715
290.8104,1.713689
290.9628,1.777182
291.1152,1.838439
291.2676,1.920428
291.4200,1.997425
291.5724,2.033634
291.7248,2.038327
291.8772,2.039423
292.0296,2.021942
292.1820,2.018316
292.3344,2.013509
292.4868,2.017405
292.6392,2.021044
292.7916,2.022523
292.9440,2.045775
293.0964,2.048809
293.2488,2.062815
293.4012,2.073381
293.5536,2.071527
293.7060,2.069755
293.8584,2.079177
294.0108,2.073701
294.1632,2.077361
294.3156,2.073931
294.4680,2.075605
294.6204,2.080279
294.7728,2.092918
294.9252,2.085078
295.0776,2.044265
295.2300,2.009302
295.3824,1.969758
295.5348,1.937845
295.6872,1.915469
295.8396,1.883263
295.9920,1.837921
296.1444,1.820947
296.2968,1.81873
296.4492,1.824679
296.6016,1.821824
296.7540,1.818649
296.9064,1.799452
297.0588,1.732626
297.2112,1.641935
297.3636,1.559458
297.5160,1.475775
297.6684,1.484722
297.8208,1.511957
297.9732,1.592366
298.1256,1.684046
298.2780,1.711502
298.4304,1.716005
298.5828,1.736883
298.7352,1.735013
298.8876,1.72132
299.0400,1.750553
299.1924,1.783978
299.3448,1.786949
299.4972,1.803858
299.6496,1.805725
299.8020,1.823684
299.9544,1.831481
300.1068,1.838079
300.2592,1.838418
300.4116,1.851078
300.5640,1.843265
300.7164,1.826504
300.8688,1.81098
301.0212,1.810112
301.1736,1.804253
301.3260,1.800749
301.4784,1.815634
301.6308,1.78994
301.7832,1.78263
301.9356,1.759176
302.0880,1.758068
302.2404,1.783354
302.3928,1.805313
302.5452,1.803714
302.6976,1.780705
302.8500,1.750757
303.0024,1.72323
303.1548,1.720137
303.3072,1.714756
303.4596,1.74081
303.6120,1.753386
303.7644,1.737431
303.9168,1.716466
304.0692,1.697467
304.2216,1.680748
304.3740,1.679976
304.5264,1.66675
304.6788,1.683965
304.8312,1.696118
304.9836,1.718017
305.1360,1.739237
305.2884,1.784887
305.4408,1.833097
305.5932,1.845388
305.7456,1.852597
305.8980,1.856529
306.0504,1.850995
306.2028,1.843059
306.3552,1.828008
306.5076,1.814869
306.6600,1.830928
306.8124,1.84067
306.9648,1.847011
307.1172,1.86024
307.2696,1.871785
307.4220,1.900993
307.5744,1.908018
307.7268,1.935415
307.8792,1.943432
308.0316,1.964903
308.1840,1.973049
308.3364,1.981291
308.4888,1.987943
308.6412,1.986338
308.7936,1.984352
308.9460,1.995634
309.0984,1.990975
309.2508,2.001435
309.4032,2.010209
309.5556,2.011422
309.7080,2.014587
309.8604,2.017141
310.0128,2.016564
310.1652,2.021939
310.3176,2.028515
310.4700,2.029784
310.6224,2.035237
310.7748,2.036127
310.9272,2.042997
311.0796,2.054562
311.2320,2.059709
311.3844,2.065132
311.5368,2.069626
311.6892,2.074158
311.8416,2.069979
311.9940,2.066151
312.1464,2.062748
312.2988,2.059338
312.4512,2.054774
312.6036,2.050017
312.7560,2.041209
312.9084,2.040787
313.0608,2.042671
313.2132,2.031595
313.3656,2.019924
313.5180,2.011779
313.6704,2.007609
313.8228,2.003195
313.9752,2.003365
314.1276,2.017605
314.2800,2.024677
314.4324,2.030936
314.5848,2.03475
314.7372,2.037741
314.8896,2.040099
315.0420,2.024935
315.1944,2.020578
315.3468,2.020825
315.4992,2.013479
315.6516,2.013218
315.8040,2.011522
315.9564,2.00871
316.1088,2.009767
316.2612,1.985566
316.4136,1.968063
316.5660,1.961681
316.7184,1.944387
316.8708,1.929919
317.0232,1.918325
317.1756,1.932808
317.3280,1.937664
317.4804,1.958517
317.6328,1.964683
317.7852,1.993301
317.9376,2.005635
318.0900,2.029206
318.2424,2.031827
318.3948,2.047971
318.5472,2.042821
318.6996,2.051923
318.8520,2.050672
319.0044,2.064001
319.1568,2.072743
319.3092,2.081771
319.4616,2.074023
319.6140,2.090793
319.7664,2.097035
319.9188,2.089822
320.0712,2.081612
320.2236,2.073575
320.3760,2.074745
320.5284,2.07701
320.6808,2.076464
320.8332,2.07207
320.9856,2.072786
321.1380,2.068064
321.2904,2.068477
321.4428,2.058287
321.5952,2.070404
321.7476,2.060556
321.9000,2.068066
322.0524,2.063587
322.2048,2.058714
322.3572,2.05984
322.5096,2.058135
322.6620,2.053477
322.8144,2.044751
322.9668,2.03786
323.1192,2.037688
323.2716,2.038481
323.4240,2.0433
323.5764,2.056397
323.7288,2.054241
323.8812,2.069332
324.0336,2.071016
324.1860,2.072071
324.3384,2.075198
324.4908,2.074395
324.6432,2.062375
324.7956,2.059695
324.9480,2.056248
325.1004,2.051394
325.2528,2.048577
325.4052,2.052773
325.5576,2.055504
325.7100,2.056582
325.8624,2.066877
326.0148,2.064403
326.1672,2.066956
326.3196,2.065402
326.4720,2.073358
326.6244,2.060291
326.7768,2.051365
326.9292,2.048992
327.0816,2.052057
327.2340,2.051531
327.3864,2.063628
327.5388,2.057511
327.6912,2.066453
327.8436,2.063071
327.9960,2.053732
328.1484,2.055262
328.3008,2.048571
328.4532,2.040376
328.6056,2.047824
328.7580,2.054012
328.9104,2.068451
329.0628,2.07025
329.2152,2.068041
329.3676,2.068756
329.5200,2.066489
329.6724,2.06438
329.8248,2.062138
329.9772,2.056866
330.1296,2.059634
330.2820,2.07596
330.4344,2.069961
330.5868,2.076803
330.7392,2.087601
330.8916,2.091504
331.0440,2.086368
331.1964,2.081623
331.3488,2.077891
331.5012,2.077369
331.6536,2.077977
331.8060,2.080106
331.9584,2.086236
332.1108,2.091118
332.2632,2.097433
332.4156,2.100894
332.5680,2.103338
332.7204,2.100799
332.8728,2.097806
333.0252,2.09788
333.1776,2.097109
333.3300,2.091704
333.4824,2.085047
333.6348,2.068472
333.7872,2.051346
333.9396,2.046475
334.0920,2.045787
334.2444,2.038802
334.3968,2.045854
334.5492,2.057211
334.7016,2.066374
334.8540,2.066813
335.0064,2.060133
335.1588,2.046097
335.3112,2.0415
335.4636,2.044034
335.6160,2.036672
335.7684,2.03576
335.9208,2.039825
336.0732,2.043184
336.2256,2.053849
336.3780,2.049403
336.5304,2.049855
336.6828,2.054473
336.8352,2.060377
336.9876,2.064504
337.1400,2.066096
337.2924,2.062815
337.4448,2.066841
337.5972,2.072086
337.7496,2.080069
337.9020,2.083442
338.0544,2.082416
338.2068,2.090255
338.3592,2.091483
338.5116,2.093538
338.6640,2.089346
338.8164,2.085809
338.9688,2.086711
339.1212,2.099951
339.2736,2.099334
339.4260,2.099967
339.5784,2.105541
339.7308,2.124218
339.8832,2.128913
340.0356,2.130856
340.1880,2.121396
340.3404,2.117327
340.4928,2.114503
340.6452,2.111398
340.7976,2.099956
340.9500,2.088201
341.1024,2.081063
341.2548,2.07998
341.4072,2.080639
341.5596,2.079556
341.7120,2.070288
341.8644,2.05892
342.0168,2.069199
342.1692,2.070116
342.3216,2.072606
342.4740,2.075662
342.6264,2.077981
342.7788,2.077637
342.9312,2.073983
343.0836,2.084771
343.2360,2.100464
343.3884,2.098634
343.5408,2.107733
343.6932,2.105747
343.8456,2.099751
343.9980,2.096492
344.1504,2.096895
344.3028,2.090164
344.4552,2.096238
344.6076,2.095317
344.7600,2.087178
344.9124,2.077681
345.0648,2.077965
345.2172,2.057651
345.3696,2.050359
345.5220,2.042547
345.6744,2.047379
345.8268,2.03987
345.9792,2.046504
346.1316,2.033112
346.2840,2.043354
346.4364,2.022248
346.5888,1.996186
346.7412,1.983976
346.8936,1.985892
347.0460,1.984725
347.1984,2.002671
347.3508,2.007326
347.5032,2.02541
347.6556,2.039395
347.8080,2.044896
347.9604,2.05877
348.1128,2.067915
348.2652,2.069431
348.4176,2.074076
348.5700,2.074257
348.7224,2.077531
348.8748,2.074486
349.0272,2.07028
349.1796,2.057002
349.3320,2.059254
349.4844,2.059648
349.6368,2.057667
349.7892,2.059653
349.9416,2.06276
350.0940,2.066549
350.2464,2.070653
350.3988,2.069022
350.5512,2.063788
350.7036,2.06339
350.8560,2.057867
351.0084,2.053702
351.1608,2.049747
351.3132,2.055035
351.4656,2.057254
351.6180,2.061848
351.7704,2.058358
351.9228,2.067753
352.0752,2.072062
352.2276,2.083747
352.3800,2.084783
352.5324,2.087866
352.6848,2.088145
352.8372,2.099747
352.9896,2.094339
353.1420,2.079296
353.2944,2.056777
353.4468,2.050186
353.5992,2.039467
353.7516,2.04611
353.9040,2.045726
354.0564,2.061655
354.2088,2.082098
354.3612,2.098061
354.5136,2.094527
354.6660,2.09753
354.8184,2.093737
354.9708,2.086146
355.1232,2.071242
355.2756,2.057226
355.4280,2.034348
355.5804,2.019508
355.7328,2.018301
355.8852,2.009632
356.0376,2.000343
356.1900,2.002186
356.3424,1.997469
356.4948,1.998698
356.6472,2.012514
356.7996,2.004368
356.9520,2.003895
357.1044,2.020457
357.2568,2.021272
357.4092,2.026068
357.5616,2.021994
357.7140,2.013839
357.8664,2.021678
358.0188,2.017318
358.1712,2.014577
358.3236,2.018531
358.4760,2.022214
358.6284,2.025554
358.7808,2.017246
358.9332,2.005583
359.0856,2.014678
359.2380,2.019446
359.3904,2.04677
359.5428,2.059676
359.6952,2.047802
359.8476,2.051788
360.0000,2.051585
360.1524,2.055578
360.3048,2.044602
360.4572,2.03864
360.6096,2.046378
360.7620,2.06577
360.9144,2.059346
361.0668,2.0616
361.2192,2.052129
361.3716,2.049729
361.5240,2.038031
361.6764,2.026233
361.8288,2.015493
361.9812,2.019636
362.1336,2.026085
362.2860,2.037331
362.4384,2.043846
362.5908,2.047874
362.7432,2.060666
362.8956,2.0734
363.0480,2.070046
363.2004,2.065822
363.3528,2.05553
363.5052,2.056025
363.6576,2.054794
363.8100,2.050133
363.9624,2.047421
364.1148,2.039828
364.2672,2.0416
364.4196,2.028491
364.5720,2.006418
364.7244,1.983028
364.8768,1.963402
365.0292,1.961615
365.1816,1.961257
365.3340,1.954704
365.4864,1.952154
365.6388,1.955048
365.7912,1.965374
365.9436,1.977825
366.0960,1.971475
366.2484,1.977214
366.4008,1.97314
366.5532,1.978708
366.7056,1.976168
366.8580,1.979183
367.0104,1.97448
367.1628,1.975165
367.3152,1.980524
367.4676,1.9853
367.6200,1.985573
367.7724,1.997581
367.9248,1.994182
368.0772,1.971751
368.2296,1.924759
368.3820,1.850599
368.5344,1.78092
368.6868,1.729718
368.8392,1.694016
368.9916,1.683778
369.1440,1.679575
369.2964,1.680363
369.4488,1.674593
369.6012,1.676107
369.7536,1.690018
369.9060,1.729732
370.0584,1.778263
370.2108,1.865982
370.3632,1.949569
370.5156,2.001486
370.6680,2.03089
370.8204,2.047639
370.9728,2.054787
371.1252,2.051698
371.2776,2.055148
371.4300,2.039045
371.5824,2.030385
371.7348,2.01849
371.8872,2.011708
372.0396,2.01661
372.1920,2.03154
372.3444,2.031505
372.4968,2.043096
372.6492,2.047177
372.8016,2.053493
372.9540,2.052522
373.1064,2.044536
373.2588,2.033631
373.4112,2.031335
373.5636,2.038975
373.7160,2.043411
373.8684,2.043638
374.0208,2.043184
374.1732,2.037394
374.3256,2.021989
374.4780,2.004973
374.6304,2.005087
374.7828,2.001013
374.9352,2.013114
375.0876,2.024096
375.2400,2.027004
375.3924,2.036087
375.5448,2.043313
375.6972,2.040587
375.8496,2.044857
376.0020,2.049463
376.1544,2.055027
376.3068,2.061727
376.4592,2.060526
376.6116,2.063982
376.7640,2.058135
376.9164,2.066138
377.0688,2.065696
377.2212,2.05829
377.3736,2.056871
377.5260,2.053819
377.6784,2.037728
377.8308,2.027965
377.9832,2.024179
378.1356,2.018922
378.2880,2.023123
378.4404,2.031226
378.5928,2.029568
378.7452,2.03512
378.8976,2.032689
379.0500,2.038454
379.2024,2.052317
379.3548,2.059468
379.5072,2.055542
379.6596,2.058551
379.8120,2.051427
379.9644,2.051834
380.1168,2.045337
380.2692,2.043342
380.4216,2.046492
380.5740,2.054422
380.7264,2.038656
380.8788,2.044598
381.0312,2.043494
381.1836,2.035545
381.3360,2.028796
381.4884,2.0286
381.6408,2.019968
381.7932,2.02215
381.9456,2.014308
382.0980,2.004894
382.2504,2.002968
382.4028,2.004285
382.5552,1.993722
382.7076,1.987032
382.8600,1.98399
383.0124,1.993325
383.1648,2.000713
383.3172,2.013589
383.4696,1.998397
383.6220,2.012782
383.7744,2.019353
383.9268,2.019772
384.0792,2.011297
384.2316,2.019741
384.3840,2.01538
384.5364,2.029017
384.6888,2.020064
384.8412,2.016859
384.9936,2.016519
385.1460,2.027809
385.2984,2.031286
385.4508,2.022573
385.6032,2.018758
385.7556,2.011973
385.9080,2.006449
386.0604,2.002151
386.2128,1.99568
386.3652,1.989425
386.5176,1.996372
386.6700,1.980409
386.8224,1.982908
386.9748,1.99382
387.1272,1.996927
387.2796,1.99488
387.4320,1.998199
387.5844,2.003432
387.7368,2.016798
387.8892,2.027426
388.0416,2.027212
388.1940,2.032435
388.3464,2.036774
388.4988,2.033688
388.6512,2.021892
388.8036,2.01775
388.9560,2.025456
389.1084,2.026392
389.2608,2.024687
389.4132,2.029141
389.5656,2.030241
389.7180,2.034805
389.8704,2.031142
390.0228,2.021563
390.1752,2.018413
390.3276,2.014726
390.4800,2.007343
390.6324,2.016084
390.7848,2.019649
390.9372,2.026516
391.0896,2.020317
391.2420,2.012317
391.3944,1.997747
391.5468,1.988963
391.6992,1.982052
391.8516,1.981454
392.0040,1.980405
392.1564,1.984713
392.3088,1.983642
392.4612,1.983568
392.6136,1.981352
392.7660,1.974262
392.9184,1.968994
393.0708,1.959609
393.2232,1.969389
393.3756,1.978585
393.5280,1.979204
393.6804,1.985202
393.8328,1.982524
393.9852,1.985942
394.1376,1.989199
394.2900,1.985851
394.4424,1.991492
394.5948,2.002314
394.7472,2.008169
394.8996,2.015735
395.0520,2.026865
395.2044,2.030048
395.3568,2.021888
395.5092,2.009286
395.6616,2.000641
395.8140,2.003532
395.9664,2.003167
396.1188,1.995248
396.2712,2.002043
396.4236,2.015836
396.5760,2.025602
396.7284,2.031082
396.8808,2.034615
397.0332,2.028376
397.1856,2.023715
397.3380,2.019081
397.4904,2.011528
397.6428,2.010918
397.7952,2.018742
397.9476,2.019984
398.1000,2.038733
398.2524,2.039789
398.4048,2.034921
398.5572,2.03921
398.7096,2.037303
398.8620,2.031093
399.0144,2.020971
399.1668,2.010324
399.3192,2.007924
399.4716,2.009155
399.6240,2.006399
399.7764,2.017949
399.9288,2.016927
400.0812,2.019074
400.2336,2.019998
400.3860,2.023203
400.5384,2.009691
400.6908,2.022219
400.8432,2.018176
400.9956,2.013498
401.1480,2.023894
401.3004,2.034668
401.4528,2.024587
401.6052,2.035449
401.7576,2.014256
401.9100,2.001431
402.0624,1.997021
402.2148,1.991102
402.3672,1.982503
402.5196,1.99549
402.6720,2.000432
402.8244,2.00432
402.9768,2.005542
403.1292,2.008155
403.2816,2.008874
403.4340,2.011539
403.5864,2.008456
403.7388,2.001221
403.8912,2.000338
404.0436,2.015826
404.1960,2.020184
404.3484,2.014479
404.5008,2.021149
404.6532,2.02365
404.8056,2.015276
404.9580,2.024843
405.1104,2.027137
405.2628,2.021802
405.4152,2.032206
405.5676,2.023775
405.7200,2.020105
405.8724,2.034994
406.0248,2.036264
406.1772,2.036687
406.3296,2.043679
406.4820,2.037003
406.6344,2.032622
406.7868,2.031234
406.9392,2.014361
407.0916,2.006634
407.2440,2.010692
407.3964,2.020599
407.5488,2.031836
407.7012,2.043258
407.8536,2.052436
408.0060,2.061656
408.1584,2.073738
408.3108,2.085675
408.4632,2.086817
408.6156,2.092582
408.7680,2.101359
408.9204,2.105685
409.0728,2.103676
409.2252,2.100082
409.3776,2.097836
409.5300,2.099234
409.6824,2.087641
409.8348,2.075185
409.9872,2.072036
410.1396,2.082404
410.2920,2.089969
410.4444,2.090583
410.5968,2.095556
410.7492,2.094904
410.9016,2.089681
411.0540,2.068743
411.2064,2.067728
411.3588,2.057501
411.5112,2.061466
411.6636,2.05963
411.8160,2.071627
411.9684,2.083908
412.1208,2.095384
412.2732,2.089209
412.4256,2.099301
412.5780,2.095275
412.7304,2.103383
412.8828,2.096415
413.0352,2.089066
413.1876,2.079143
413.3400,2.084311
413.4924,2.076595
413.6448,2.08502
413.7972,2.086278
413.9496,2.09672
414.1020,2.111137
414.2544,2.114839
414.4068,2.113391
414.5592,2.122454
414.7116,2.115705
414.8640,2.105801
415.0164,2.112919
415.1688,2.100864
415.3212,2.099146
415.4736,2.098643
415.6260,2.10529
415.7784,2.105994
415.9308,2.112639
416.0832,2.102682
416.2356,2.10464
416.3880,2.113095
416.5404,2.111648
416.6928,2.111031
416.8452,2.104417
416.9976,2.093944
417.1500,2.090221
417.3024,2.095383
417.4548,2.089628
417.6072,2.095658
417.7596,2.090708
417.9120,2.091372
418.0644,2.076453
418.2168,2.078476
418.3692,2.083847
418.5216,2.092761
418.6740,2.091701
418.8264,2.10571
418.9788,2.111185
419.1312,2.114799
419.2836,2.107276
419.4360,2.10204
419.5884,2.095509
419.7408,2.090764
419.8932,2.072678
420.0456,2.073326
420.1980,2.077783
420.3504,2.081766
420.5028,2.080825
420.6552,2.075331
420.8076,2.076975
420.9600,2.079796
421.1124,2.077594
421.2648,2.061285
421.4172,2.038557
421.5696,2.020848
421.7220,1.981427
421.8744,1.959395
422.0268,1.944294
422.1792,1.92303
422.3316,1.92383
422.4840,1.935461
422.6364,1.935708
422.7888,1.948653
422.9412,1.964804
423.0936,1.971808
423.2460,1.987689
423.3984,1.990164
423.5508,1.994767
423.7032,2.003755
423.8556,2.012086
424.0080,2.003497
424.1604,2.00994
424.3128,2.013314
424.4652,2.018172
424.6176,2.024794
424.7700,2.021685
424.9224,2.019231
425.0748,2.014046
425.2272,2.019378
425.3796,2.034511
425.5320,2.050148
425.6844,2.043159
425.8368,2.040334
425.9892,2.043072
426.1416,2.044978
426.2940,2.032042
426.4464,2.032714
426.5988,2.049253
426.7512,2.056011
426.9036,2.070509
427.0560,2.077142
427.2084,2.080201
427.3608,2.06686
427.5132,2.075981
427.6656,2.0773
427.8180,2.068048
427.9704,2.061148
428.1228,2.057426
428.2752,2.060606
428.4276,2.0724
428.5800,2.064631
428.7324,2.059659
428.8848,2.072227
429.0372,2.072117
429.1896,2.071304
429.3420,2.064346
429.4944,2.052654
429.6468,2.061252
429.7992,2.053158
429.9516,2.055416
430.1040,2.047297
430.2564,2.039578
430.4088,2.027304
430.5612,2.037626
430.7136,2.021381
430.8660,2.018449
431.0184,2.007445
431.1708,2.005303
431.3232,2.011292
431.4756,2.020334
431.6280,2.021452
431.7804,2.023222
431.9328,2.023308
432.0852,2.031607
432.2376,2.030185
432.3900,2.005472
432.5424,1.976307
432.6948,1.954231
432.8472,1.931603
432.9996,1.913424
433.1520,1.887253
433.3044,1.893135
433.4568,1.917905
433.6092,1.942385
433.7616,1.952672
433.9140,1.960597
434.0664,1.971008
434.2188,1.976112
434.3712,1.974693
434.5236,1.96452
434.6760,1.964877
434.8284,1.973376
434.9808,1.981294
435.1332,1.99998
435.2856,2.015609
435.4380,2.039176
435.5904,2.060995
435.7428,2.066607
435.8952,2.061785
436.0476,2.061421
436.2000,2.040322
436.3524,2.032754
436.5048,2.026246
436.6572,2.028876
436.8096,2.041258
436.9620,2.055746
437.1144,2.06678
437.2668,2.082586
437.4192,2.087977
437.5716,2.093173
437.7240,2.10936
437.8764,2.099771
438.0288,2.102453
438.1812,2.100241
438.3336,2.108103
438.4860,2.107113
438.6384,2.097894
438.7908,2.079358
438.9432,2.091883
439.0956,2.101217
439.2480,2.096494
439.4004,2.079018
439.5528,2.035218
439.7052,1.959425
439.8576,1.859588
440.0100,1.738694
440.1624,1.63259
440.3148,1.554822
440.4672,1.481554
440.6196,1.464833
440.7720,1.477454
440.9244,1.493632
441.0768,1.489571
441.2292,1.454859
441.3816,1.412537
441.5340,1.428648
441.6864,1.423291
441.8388,1.420789
441.9912,1.45097
442.1436,1.534515
442.2960,1.605957
442.4484,1.681385
442.6008,1.723019
442.7532,1.759621
442.9056,1.762754
443.0580,1.73121
443.2104,1.697901
443.3628,1.683804
443.5152,1.683008
443.6676,1.695414
443.8200,1.727284
443.9724,1.792042
444.1248,1.829213
444.2772,1.852828
444.4296,1.881766
444.5820,1.898004
444.7344,1.909077
444.8868,1.927015
445.0392,1.914234
445.1916,1.900909
445.3440,1.895918
445.4964,1.897386
445.6488,1.912281
445.8012,1.941517
445.9536,1.965433
446.1060,1.961769
446.2584,1.93307
446.4108,1.880237
446.5632,1.84938
446.7156,1.775781
446.8680,1.703244
447.0204,1.626125
447.1728,1.616163
447.3252,1.605493
447.4776,1.658409
447.6300,1.71145
447.7824,1.744132
447.9348,1.746333
448.0872,1.768519
448.2396,1.764365
448.3920,1.727122
448.5444,1.659668
448.6968,1.639228
448.8492,1.597977
449.0016,1.560016
449.1540,1.514734
449.3064,1.523209
449.4588,1.50216
449.6112,1.490221
449.7636,1.418383
449.9160,1.394983
450.0684,1.481285
450.2208,1.518745
450.3732,1.563593
450.5256,1.670904
450.6780,1.770226
450.8304,1.783558
450.9828,1.804654
451.1352,1.831159
451.2876,1.842122
451.4400,1.839685
451.5924,1.867408
451.7448,1.871852
451.8972,1.855791
452.0496,1.854566
452.2020,1.842589
452.3544,1.823128
452.5068,1.818824
452.6592,1.831487
452.8116,1.860896
452.9640,1.890589
453.1164,1.902785
453.2688,1.915315
453.4212,1.937844
453.5736,1.944111
453.7260,1.930274
453.8784,1.929026
454.0308,1.936163
454.1832,1.942393
454.3356,1.966922
454.4880,1.973364
454.6404,1.966299
454.7928,1.959127
454.9452,1.953925
455.0976,1.92995
455.2500,1.920225
455.4024,1.92494
455.5548,1.930235
455.7072,1.934737
455.8596,1.962554
456.0120,1.971922
456.1644,1.971105
456.3168,1.989543
456.4692,2.000075
456.6216,2.003935
456.7740,2.015707
456.9264,2.015697
457.0788,2.020243
457.2312,1.996165
457.3836,1.969387
457.5360,1.914392
457.6884,1.90552
457.8408,1.886478
457.9932,1.881765
458.1456,1.875662
458.2980,1.906475
458.4504,1.906208
458.6028,1.932848
458.7552,1.930336
458.9076,1.929
459.0600,1.937459
459.2124,1.941308
459.3648,1.94381
459.5172,1.957274
459.6696,1.961432
459.8220,1.96736
459.9744,1.960775
460.1268,1.937708
460.2792,1.912098
460.4316,1.888727
460.5840,1.867992
460.7364,1.867741
460.8888,1.850942
461.0412,1.842926
461.1936,1.860567
461.3460,1.878788
461.4984,1.878176
461.6508,1.876289
461.8032,1.860566
461.9556,1.836141
462.1080,1.833473
462.2604,1.843312
462.4128,1.8561
462.5652,1.863889
462.7176,1.908239
462.8700,1.924268
463.0224,1.928685
463.1748,1.90693
463.3272,1.900689
463.4796,1.880154
463.6320,1.883449
463.7844,1.875483
463.9368,1.876238
464.0892,1.891371
464.2416,1.915417
464.3940,1.91809
464.5464,1.913363
464.6988,1.893797
464.8512,1.860539
465.0036,1.841547
465.1560,1.818317
465.3084,1.816551
465.4608,1.831179
465.6132,1.837169
465.7656,1.837225
465.9180,1.83695
466.0704,1.83757
466.2228,1.845715
466.3752,1.844635
466.5276,1.837336
466.6800,1.842465
466.8324,1.841365
466.9848,1.829039
467.1372,1.827119
467.2896,1.832906
467.4420,1.851906
467.5944,1.905057
467.7468,1.95809
467.8992,1.983999
468.0516,1.986336
468.2040,1.994349
468.3564,1.988264
468.5088,1.98153
468.6612,1.973021
468.8136,1.961031
468.9660,1.929928
469.1184,1.899739
469.2708,1.871542
469.4232,1.848877
469.5756,1.842689
469.7280,1.826925
469.8804,1.838214
470.0328,1.840015
470.1852,1.846993
470.3376,1.843637
470.4900,1.850426
470.6424,1.844037
470.7948,1.848227
470.9472,1.848955
471.0996,1.850222
471.2520,1.851293
471.4044,1.862841
471.5568,1.864644
471.7092,1.869493
471.8616,1.850106
472.0140,1.807754
472.1664,1.793025
472.3188,1.771494
472.4712,1.767005
472.6236,1.782818
472.7760,1.826488
472.9284,1.850966
473.0808,1.881387
473.2332,1.886274
473.3856,1.866725
473.5380,1.817781
473.6904,1.78558
473.8428,1.782349
473.9952,1.782619
474.1476,1.78423
474.3000,1.820969
474.4524,1.863737
474.6048,1.868407
474.7572,1.884473
474.9096,1.877039
475.0620,1.87017
475.2144,1.854377
475.3668,1.872632
475.5192,1.846088
475.6716,1.845071
475.8240,1.845981
475.9764,1.854234
476.1288,1.855588
476.2812,1.891665
476.4336,1.911683
476.5860,1.939247
476.7384,1.947354
476.8908,1.971121
477.0432,1.982398
477.1956,1.991635
477.3480,1.99349
477.5004,1.991828
477.6528,1.97469
477.8052,1.973909
477.9576,1.968856
478.1100,1.96232
478.2624,1.95253
478.4148,1.945037
478.5672,1.921455
478.7196,1.913136
478.8720,1.912255
479.0244,1.919324
479.1768,1.931383
479.3292,1.941823
479.4816,1.947216
479.6340,1.950436
479.7864,1.940161
479.9388,1.921863
480.0912,1.916253
480.2436,1.916314
480.3960,1.917304
480.5484,1.929601
480.7008,1.947977
480.8532,1.952324
481.0056,1.957701
481.1580,1.949692
481.3104,1.940086
481.4628,1.933939
481.6152,1.925145
481.7676,1.901137
481.9200,1.888034
482.0724,1.877136
482.2248,1.865148
482.3772,1.874857
482.5296,1.894903
482.6820,1.911736
482.8344,1.933653
482.9868,1.95734
483.1392,1.977277
483.2916,2.001641
483.4440,2.007756
483.5964,2.006095
483.7488,2.002689
483.9012,2.000729
484.0536,1.990641
484.2060,1.979496
484.3584,1.979529
484.5108,1.978989
484.6632,1.984391
484.8156,1.989134
484.9680,1.997847
485.1204,1.995877
485.2728,2.013115
485.4252,2.017076
485.5776,2.022108
485.7300,2.023481
485.8824,2.030169
486.0348,2.011964
486.1872,1.999047
486.3396,1.978636
486.4920,1.969844
486.6444,1.947066
486.7968,1.94087
486.9492,1.950624
487.1016,1.961451
487.2540,1.981709
487.4064,2.000881
487.5588,2.007803
487.7112,2.014189
487.8636,2.012707
488.0160,2.012935
488.1684,2.001153
488.3208,1.987087
488.4732,1.98488
488.6256,1.972923
488.7780,1.979662
488.9304,1.996008
489.0828,1.997195
489.2352,2.001487
489.3876,2.008077
489.5400,2.013952
489.6924,2.001347
489.8448,1.968296
489.9972,1.954403
490.1496,1.962398
490.3020,1.97094
490.4544,1.991537
490.6068,2.00345
490.7592,2.03106
490.9116,2.048401
491.0640,2.050108
491.2164,2.043794
491.3688,2.045948
491.5212,2.036468
491.6736,2.027502
491.8260,2.009262
491.9784,2.000845
492.1308,1.987373
492.2832,1.983148
492.4356,1.981328
492.5880,1.983639
492.7404,1.979538
492.8928,1.97182
493.0452,1.962676
493.1976,1.971568
493.3500,1.976505
493.5024,1.981563
493.6548,1.994227
493.8072,2.005706
493.9596,2.007263
494.1120,2.005689
494.2644,1.98745
494.4168,1.972937
494.5692,1.971959
494.7216,1.974187
494.8740,1.975387
495.0264,1.983308
495.1788,1.99103
495.3312,2.00189
495.4836,2.000813
495.6360,1.996898
495.7884,1.985808
495.9408,1.974112
496.0932,1.950353
496.2456,1.932531
496.3980,1.922234
496.5504,1.932788
496.7028,1.948194
496.8552,1.962098
497.0076,1.983298
497.1600,2.005725
497.3124,2.033107
497.4648,2.054493
497.6172,2.056579
497.7696,2.044226
497.9220,2.050362
498.0744,2.042957
498.2268,2.02663
498.3792,2.019839
498.5316,2.012084
498.6840,1.995488
498.8364,1.999734
498.9888,1.998282
499.1412,1.99629
499.2936,1.996655
499.4460,1.993082
499.5984,2.001066
499.7508,2.001878
499.9032,2.009205
500.0556,2.012753
500.2080,2.005908
500.3604,2.006348
500.5128,2.008871
500.6652,1.998743
500.8176,2.005409
500.9700,2.015399
501.1224,2.027285
501.2748,2.034509
501.4272,2.024993
501.5796,2.022859
501.7320,2.024183
501.8844,2.018879
502.0368,2.014944
502.1892,2.007576
502.3416,2.00006
502.4940,2.001129
502.6464,1.996855
502.7988,1.99696
502.9512,2.003915
503.1036,2.011588
503.2560,2.012286
503.4084,2.017267
503.5608,2.007682
503.7132,2.009079
503.8656,2.018762
504.0180,2.014151
504.1704,2.005817
504.3228,2.006861
504.4752,2.006323
504.6276,2.019352
504.7800,2.017516
504.9324,2.014499
505.0848,2.020243
505.2372,2.025311
505.3896,2.034951
505.5420,2.037479
505.6944,2.044856
505.8468,2.047285
505.9992,2.045646
506.1516,2.048835
506.3040,2.042757
506.4564,2.046003
506.6088,2.04776
506.7612,2.03411
506.9136,2.035334
507.0660,2.03879
507.2184,2.032135
507.3708,2.041616
507.5232,2.038332
507.6756,2.032607
507.8280,2.035656
507.9804,2.032928
508.1328,2.035246
508.2852,2.030055
508.4376,2.027916
508.5900,2.026962
508.7424,2.02476
508.8948,2.019531
509.0472,2.004686
509.1996,1.994491
509.3520,2.001474
509.5044,1.996791
509.6568,2.003088
509.8092,2.002389
509.9616,2.007936
510.1140,2.011602
510.2664,2.016035
510.4188,2.017909
510.5712,2.017054
510.7236,2.014059
510.8760,2.012983
511.0284,1.989948
511.1808,1.979118
511.3332,1.966979
511.4856,1.960649
511.6380,1.96111
511.7904,1.966287
511.9428,1.973504
512.0952,1.987039
512.2476,1.988626
512.4000,1.99205
512.5524,1.998177
512.7048,2.00224
512.8572,2.008585
513.0096,2.011704
513.1620,2.007252
513.3144,2.007942
513.4668,1.997683
513.6192,1.980106
513.7716,1.965383
513.9240,1.965765
514.0764,1.965768
514.2288,1.976817
514.3812,1.982985
514.5336,1.991042
514.6860,1.994435
514.8384,1.990038
514.9908,1.979758
515.1432,1.973885
515.2956,1.973231
515.4480,1.973307
515.6004,1.988086
515.7528,1.992896
515.9052,1.987774
516.0576,1.986792
516.2100,1.999329
516.3624,1.997017
516.5148,1.994379
516.6672,1.990345
516.8196,1.984917
516.9720,1.9837
517.1244,1.983126
517.2768,1.976508
517.4292,1.974433
517.5816,1.95873
517.7340,1.947669
517.8864,1.943297
518.0388,1.944447
518.1912,1.947223
518.3436,1.957345
518.4960,1.954183
518.6484,1.964039
518.8008,1.96722
518.9532,1.969613
519.1056,1.972016
519.2580,1.967035
519.4104,1.958906
519.5628,1.963502
519.7152,1.960138
519.8676,1.960128
520.0200,1.968525
520.1724,1.970768
520.3248,1.968341
520.4772,1.965923
520.6296,1.963708
520.7820,1.954731
520.9344,1.934004
521.0868,1.908539
521.2392,1.891878
521.3916,1.875077
521.5440,1.874141
521.6964,1.881005
521.8488,1.895804
522.0012,1.922694
522.1536,1.947798
522.3060,1.960181
522.4584,1.982424
522.6108,1.981278
522.7632,1.993413
522.9156,1.998152
523.0680,2.002511
523.2204,1.985677
523.3728,1.977988
523.5252,1.949813
523.6776,1.937867
523.8300,1.924389
523.9824,1.926054
524.1348,1.926119
524.2872,1.95546
524.4396,1.986252
524.5920,2.007329
524.7444,2.020552
524.8968,2.02536
525.0492,2.007916
525.2016,1.992565
525.3540,1.980684
525.5064,1.963728
525.6588,1.958189
525.8112,1.951789
525.9636,1.942994
526.1160,1.946564
526.2684,1.956912
526.4208,1.957981
526.5732,1.954819
526.7256,1.948819
526.8780,1.958278
527.0304,1.960517
527.1828,1.965809
527.3352,1.972518
527.4876,1.985189
527.6400,1.98643
527.7924,1.988155
527.9448,1.983862
528.0972,1.986082
528.2496,1.98735
528.4020,1.989048
528.5544,1.99928
528.7068,2.006561
528.8592,1.995939
529.0116,1.995793
529.1640,1.99374
529.3164,1.981294
529.4688,1.977681
529.6212,1.985469
529.7736,2.001415
529.9260,2.012239
530.0784,2.019616
530.2308,2.021445
530.3832,2.022811
530.5356,2.028663
530.6880,2.025106
530.8404,2.012448
530.9928,2.01598
531.1452,2.017163
531.2976,2.015132
531.4500,2.003139
531.6024,1.976264
531.7548,1.954878
531.9072,1.946252
532.0596,1.908475
532.2120,1.87295
532.3644,1.869703
532.5168,1.873498
532.6692,1.890871
532.8216,1.943859
532.9740,1.999911
533.1264,2.036194
533.2788,2.055702
533.4312,2.045608
533.5836,2.02988
533.7360,2.012329
533.8884,2.009032
534.0408,2.020838
534.1932,2.031417
534.3456,2.03899
534.4980,2.047649
534.6504,2.060945
534.8028,2.063732
534.9552,2.059968
535.1076,2.056886
535.2600,2.06266
535.4124,2.061533
535.5648,2.068698
535.7172,2.041489
535.8696,2.022325
536.0220,2.02739
536.1744,2.035069
536.3268,2.021238
536.4792,2.022636
536.6316,2.026592
536.7840,2.049026
536.9364,2.047979
537.0888,2.041462
537.2412,2.027273
537.3936,2.019186
537.5460,2.004448
537.6984,1.998053
537.8508,1.972562
538.0032,1.95482
538.1556,1.940455
538.3080,1.934696
538.4604,1.928028
538.6128,1.951356
538.7652,1.973747
538.9176,1.994281
539.0700,1.994816
539.2224,1.991124
539.3748,1.985054
539.5272,1.990147
539.6796,1.97647
539.8320,1.974848
539.9844,1.982738
540.1368,1.991467
540.2892,1.994859
540.4416,1.978662
540.5940,1.980048
540.7464,1.967839
540.8988,1.969394
541.0512,1.965366
541.2036,1.979913
541.3560,1.997919
541.5084,2.021624
541.6608,2.03701
541.8132,2.048352
541.9656,2.045591
542.1180,2.052157
542.2704,2.045713
542.4228,2.028996
542.5752,2.021389
542.7276,1.999288
542.8800,1.988988
543.0324,1.986794
543.1848,1.992606
543.3372,2.010043
543.4896,2.039441
543.6420,2.047618
543.7944,2.058702
543.9468,2.057603
544.0992,2.057649
544.2516,2.041425
544.4040,2.024801
544.5564,1.995133
544.7088,1.98376
544.8612,1.978497
545.0136,1.981033
545.1660,1.990299
545.3184,2.026134
545.4708,2.08786
545.6232,2.132071
545.7756,2.16316
545.9280,2.176215
546.0804,2.1729
546.2328,2.165954
546.3852,2.155466
546.5376,2.132761
546.6900,2.12327
546.8424,2.110939
546.9948,2.088854
547.1472,2.071252
547.2996,2.061904
547.4520,2.047904
547.6044,2.044596
547.7568,2.049856
547.9092,2.063231
548.0616,2.086304
548.2140,2.107323
548.3664,2.1226
548.5188,2.141457
548.6712,2.162681
548.8236,2.164855
548.9760,2.160876
549.1284,2.161305
549.2808,2.153645
549.4332,2.155164
549.5856,2.151886
549.7380,2.142005
549.8904,2.13662
550.0428,2.139134
550.1952,2.137749
550.3476,2.132609
550.5000,2.130568
550.6524,2.121883
550.8048,2.119583
550.9572,2.110243
551.1096,2.109055
551.2620,2.091718
551.4144,2.082767
551.5668,2.078115
551.7192,2.082375
551.8716,2.08469
552.0240,2.100909
552.1764,2.107182
552.3288,2.112588
552.4812,2.11369
552.6336,2.111935
552.7860,2.10415
552.9384,2.095907
553.0908,2.098119
553.2432,2.098464
553.3956,2.095928
553.5480,2.092307
553.7004,2.087615
553.8528,2.083586
554.0052,2.06555
554.1576,2.052588
554.3100,2.05796
554.4624,2.05116
554.6148,2.059682
554.7672,2.064317
554.9196,2.063081
555.0720,2.052895
555.2244,2.047771
555.3768,2.040306
555.5292,2.055432
555.6816,2.060927
555.8340,2.062659
555.9864,2.068832
556.1388,2.077649
556.2912,2.082544
556.4436,2.083056
556.5960,2.088031
556.7484,2.097879
556.9008,2.099089
557.0532,2.106764
557.2056,2.118481
557.3580,2.125873
557.5104,2.130801
557.6628,2.113249
557.8152,2.105387
557.9676,2.107474
558.1200,2.099779
558.2724,2.097259
558.4248,2.092957
558.5772,2.095478
558.7296,2.113189
558.8820,2.122024
559.0344,2.126819
559.1868,2.126234
559.3392,2.122406
559.4916,2.119321
559.6440,2.108457
559.7964,2.102966
559.9488,2.100678
560.1012,2.101738
560.2536,2.108165
560.4060,2.1126
560.5584,2.122915
560.7108,2.121886
560.8632,2.120236
561.0156,2.116169
561.1680,2.116887
561.3204,2.123623
561.4728,2.123558
561.6252,2.1174
561.7776,2.120315
561.9300,2.130854
562.0824,2.134059
562.2348,2.141912
562.3872,2.154804
562.5396,2.17141
562.6920,2.173414
562.8444,2.175047
562.9968,2.175753
563.1492,2.17218
563.3016,2.162776
563.4540,2.13994
563.6064,2.123602
563.7588,2.123809
563.9112,2.121646
564.0636,2.121451
564.2160,2.132909
564.3684,2.141951
564.5208,2.153757
564.6732,2.163681
564.8256,2.169875
564.9780,2.201023
565.1304,2.237378
565.2828,2.265449
565.4352,2.274317
565.5876,2.249971
565.7400,2.207489
565.8924,2.153869
566.0448,2.09212
566.1972,2.052702
566.3496,2.035223
566.5020,2.035724
566.6544,2.029981
566.8068,2.038639
566.9592,2.044424
567.1116,2.042593
567.2640,2.054905
567.4164,2.076677
567.5688,2.09541
567.7212,2.120611
567.8736,2.118891
568.0260,2.115613
568.1784,2.104341
568.3308,2.102565
568.4832,2.104351
568.6356,2.097446
568.7880,2.090985
568.9404,2.083844
569.0928,2.069434
569.2452,2.060244
569.3976,2.049323
569.5500,2.040641
569.7024,2.041596
569.8548,2.044781
570.0072,2.048131
570.1596,2.052935
570.3120,2.061684
570.4644,2.061164
570.6168,2.065923
570.7692,2.070408
570.9216,2.060231
571.0740,2.062363
571.2264,2.062869
571.3788,2.062428
571.5312,2.061144
571.6836,2.060703
571.8360,2.057776
571.9884,2.069908
572.1408,2.059921
572.2932,2.049678
572.4456,2.034617
572.5980,2.02415
572.7504,2.003371
572.9028,1.995316
573.0552,1.987287
573.2076,1.981677
573.3600,1.978672
573.5124,1.976664
573.6648,1.952716
573.8172,1.929732
573.9696,1.919161
574.1220,1.915199
574.2744,1.920561
574.4268,1.931736
574.5792,1.946042
574.7316,1.95204
574.8840,1.950289
575.0364,1.960563
575.1888,1.970919
575.3412,1.990949
575.4936,2.007365
575.6460,2.030552
575.7984,2.048672
575.9508,2.054424
576.1032,2.063512
576.2556,2.079069
576.4080,2.094554
576.5604,2.105855
576.7128,2.120589
576.8652,2.120016
577.0176,2.124085
577.1700,2.107314
577.3224,2.101186
577.4748,2.093888
577.6272,2.090769
577.7796,2.061882
577.9320,2.053847
578.0844,2.043661
578.2368,2.038689
578.3892,2.034228
578.5416,2.050318
578.6940,2.060338
578.8464,2.080291
578.9988,2.088492
579.1512,2.101236
579.3036,2.101718
579.4560,2.102824
579.6084,2.106199
579.7608,2.115846
579.9132,2.10664
580.0656,2.105222
580.2180,2.100894
580.3704,2.102315
580.5228,2.0901
580.6752,2.085014
580.8276,2.071918
580.9800,2.062465
581.1324,2.060313
581.2848,2.067908
581.4372,2.057101
581.5896,2.059236
581.7420,2.073052
581.8944,2.076337
582.0468,2.087522
582.1992,2.093474
582.3516,2.086198
582.5040,2.08342
582.6564,2.082116
582.8088,2.069605
582.9612,2.06418
583.1136,2.054984
583.2660,2.056035
583.4184,2.047732
583.5708,2.033471
583.7232,2.019776
583.8756,2.016243
584.0280,2.016238
584.1804,2.004253
584.3328,2.001771
584.4852,2.00913
584.6376,1.998787
584.7900,1.986731
584.9424,1.983562
585.0948,1.984429
585.2472,1.975478
585.3996,1.962518
585.5520,1.953796
585.7044,1.96533
585.8568,1.963785
586.0092,1.959144
586.1616,1.950068
586.3140,1.963143
586.4664,1.952355
586.6188,1.961276
586.7712,1.955142
586.9236,1.978827
587.0760,1.994816
587.2284,2.00831
587.3808,2.016636
587.5332,2.023924
587.6856,2.018518
587.8380,2.013132
587.9904,1.990972
588.1428,1.982155
588.2952,1.970241
588.4476,1.948009
588.6000,1.931064
588.7524,1.917095
588.9048,1.912383
589.0572,1.941697
589.2096,1.9597
589.3620,1.973011
589.5144,1.991138
589.6668,2.015708
589.8192,2.02616
589.9716,2.02358
590.1240,2.012321
590.2764,2.008982
590.4288,2.017029
590.5812,2.003387
590.7336,1.971946
590.8860,1.956699
591.0384,1.947068
591.1908,1.92664
591.3432,1.932993
591.4956,1.951154
591.6480,1.947099
591.8004,1.967429
591.9528,1.976828
592.1052,1.988629
592.2576,1.995871
592.4100,2.004793
592.5624,2.002495
592.7148,2.016173
592.8672,2.01942
593.0196,2.032834
593.1720,2.036628
593.3244,2.051743
593.4768,2.069119
593.6292,2.077342
593.7816,2.078212
593.9340,2.075627
594.0864,2.071756
594.2388,2.068733
594.3912,2.045652
594.5436,2.003123
594.6960,1.951354
594.8484,1.907572
595.0008,1.881033
595.1532,1.861986
595.3056,1.857543
595.4580,1.87326
595.6104,1.906079
595.7628,1.924955
595.9152,1.924364
596.0676,1.910146
596.2200,1.900893
596.3724,1.902095
596.5248,1.914823
596.6772,1.937777
596.8296,1.96019
596.9820,1.977658
597.1344,1.999279
597.2868,2.008791
597.4392,2.008339
597.5916,1.986889
597.7440,1.948205
597.8964,1.924213
598.0488,1.899909
598.2012,1.896726
598.3536,1.897795
598.5060,1.902118
598.6584,1.921486
598.8108,1.951268
598.9632,1.96348
599.1156,1.978205
599.2680,1.973159
599.4204,1.960602
599.5728,1.96376
599.7252,1.958974
599.8776,1.938771
600.0300,1.944157
600.1824,1.953309
600.3348,1.965218
600.4872,1.982244
600.6396,1.980572
600.7920,1.985497
600.9444,1.999076
601.0968,1.986358
601.2492,1.980518
601.4016,1.969054
601.5540,1.963045
601.7064,1.958432
601.8588,1.961043
602.0112,1.965122
602.1636,1.963951
602.3160,1.969127
602.4684,1.967641
602.6208,1.966283
602.7732,1.955285
602.9256,1.94619
603.0780,1.935497
603.2304,1.932294
603.3828,1.92914
603.5352,1.948043
603.6876,1.96292
603.8400,1.978876
603.9924,1.997292
604.1448,2.018034
604.2972,2.021127
604.4496,2.029192
604.6020,2.03109
604.7544,2.023077
604.9068,2.028848
605.0592,2.040203
605.2116,2.029331
605.3640,2.026247
605.5164,2.028707
605.6688,2.029312
605.8212,2.029943
605.9736,2.032466
606.1260,2.033432
606.2784,2.036847
606.4308,2.037898
606.5832,2.033657
606.7356,2.019052
606.8880,2.008204
607.0404,2.011829
607.1928,2.007479
607.3452,2.006155
607.4976,2.009042
607.6500,2.011385
607.8024,2.011057
607.9548,2.007201
608.1072,1.996953
608.2596,1.986854
608.4120,1.975911
608.5644,1.966282
608.7168,-999.25
608.8692,-999.25
609.0216,-999.25
609.1740,-999.25
609.3264,-999.25
609.4788,-999.25
609.6312,-999.25
609.7836,-999.25
609.9360,1.967431
610.0884,1.970914
610.2408,1.982233
610.3932,1.99036
610.5456,1.994122
610.6980,1.987429
610.8504,1.988041
611.0028,1.987806
611.1552,1.991293
611.3076,1.999091
611.4600,1.995458
611.6124,2.003352
611.7648,2.012587
611.9172,2.012636
612.0696,2.007741
612.2220,2.011425
612.3744,2.001453
612.5268,1.994493
612.6792,1.981508
612.8316,1.954037
612.9840,1.926575
613.1364,1.914802
613.2888,1.903675
613.4412,1.909348
613.5936,1.924897
613.7460,1.941924
613.8984,1.969103
614.0508,1.991067
614.2032,1.988305
614.3556,1.997781
614.5080,2.001806
614.6604,2.004445
614.8128,2.003848
614.9652,2.00271
615.1176,1.995706
615.2700,1.984436
615.4224,1.970608
615.5748,1.958807
615.7272,1.957215
615.8796,1.963833
616.0320,1.976522
616.1844,1.98382
616.3368,1.984588
616.4892,2.00055
616.6416,2.003249
616.7940,1.999234
616.9464,1.999463
617.0988,1.997637
617.2512,1.999028
617.4036,2.003964
617.5560,2.009985
617.7084,2.007711
617.8608,2.018877
618.0132,2.013293
618.1656,2.027967
618.3180,2.036422
618.4704,2.047904
618.6228,2.04861
618.7752,2.05744
618.9276,2.054972
619.0800,2.062702
619.2324,2.068475
619.3848,2.056203
619.5372,2.045163
619.6896,2.037649
619.8420,2.030207
619.9944,2.021893
620.1468,2.019209
620.2992,2.022913
620.4516,2.035813
620.6040,2.040898
620.7564,2.053064
620.9088,2.058663
621.0612,2.052981
621.2136,2.053733
621.3660,2.06021
621.5184,2.054785
621.6708,2.06149
621.8232,2.05229
621.9756,2.04735
622.1280,2.048466
622.2804,2.046323
622.4328,2.026678
622.5852,2.017474
622.7376,1.997551
622.8900,1.995433
623.0424,1.992401
623.1948,2.003411
623.3472,2.002633
623.4996,2.004577
623.6520,2.021259
623.8044,2.02992
623.9568,2.040918
624.1092,2.048973
624.2616,2.042895
624.4140,2.044108
624.5664,2.055084
624.7188,2.061856
624.8712,2.061899
625.0236,2.061903
625.1760,2.059028
625.3284,2.063099
625.4808,2.054083
625.6332,2.039786
625.7856,2.024531
625.9380,2.006959
626.0904,1.996974
626.2428,1.98942
626.3952,1.987181
626.5476,2.00104
626.7000,2.015452
626.8524,2.013706
627.0048,2.027446
627.1572,2.030716
627.3096,2.027323
627.4620,2.026437
627.6144,2.022318
627.7668,2.017884
627.9192,1.992389
628.0716,1.966693
628.2240,1.934733
628.3764,1.900331
628.5288,1.866033
628.6812,1.860149
628.8336,1.8578
628.9860,1.885078
629.1384,1.907396
629.2908,1.94504
629.4432,1.973226
629.5956,2.00042
629.7480,2.009836
629.9004,2.017216
630.0528,2.008543
630.2052,2.012793
630.3576,1.994347
630.5100,1.969858
630.6624,1.942818
630.8148,1.925946
630.9672,1.914918
631.1196,1.912237
631.2720,1.928459
631.4244,1.952466
631.5768,1.969797
631.7292,1.985039
631.8816,1.999686
632.0340,1.99904
632.1864,1.985828
632.3388,1.978468
632.4912,1.974555
632.6436,1.961812
632.7960,1.960043
632.9484,1.957705
633.1008,1.95081
633.2532,1.939325
633.4056,1.930832
633.5580,1.930409
633.7104,1.934403
633.8628,1.934957
634.0152,1.94216
634.1676,1.941266
634.3200,1.953136
634.4724,1.965082
634.6248,1.958498
634.7772,1.962337
634.9296,1.949238
635.0820,1.938611
635.2344,1.932436
635.3868,1.908117
635.5392,1.883227
635.6916,1.847198
635.8440,1.816919
635.9964,1.802541
636.1488,1.80049
636.3012,1.799516
636.4536,1.808907
636.6060,1.829638
636.7584,1.844327
636.9108,1.855402
637.0632,1.867669
637.2156,1.879118
637.3680,1.884646
637.5204,1.889886
637.6728,1.876292
637.8252,1.86031
637.9776,1.845061
638.1300,1.817379
638.2824,1.809396
638.4348,1.799004
638.5872,1.799908
638.7396,1.795798
638.8920,1.785833
639.0444,1.775823
639.1968,1.793497
639.3492,1.810264
639.5016,1.836227
639.6540,1.879816
639.8064,1.903225
639.9588,1.919057
640.1112,1.917439
640.2636,1.925046
640.4160,1.924211
640.5684,1.932976
640.7208,1.92406
640.8732,1.929534
641.0256,1.90621
641.1780,1.875734
641.3304,1.828728
641.4828,1.807731
641.6352,1.797684
641.7876,1.821566
641.9400,1.836086
642.0924,1.853195
642.2448,1.861846
642.3972,1.869326
642.5496,1.857291
642.7020,1.840149
642.8544,1.830117
643.0068,1.832898
643.1592,1.867755
643.3116,1.892774
643.4640,1.888683
643.6164,1.892236
643.7688,1.894872
643.9212,1.900533
644.0736,1.902722
644.2260,1.879922
644.3784,1.857441

